query,rolname,calls,mean_time,min_time,max_time,total_time,rows_read,cache_hit_rate,prop_total_time,index_advisor_result
"SELECT wal->>$5 as type,
       wal->>$6 as schema,
       wal->>$7 as table,
       COALESCE(wal->>$8, $9) as columns,
       COALESCE(wal->>$10, $11) as record,
       COALESCE(wal->>$12, $13) as old_record,
       wal->>$14 as commit_timestamp,
       subscription_ids,
       errors
FROM realtime.list_changes($1, $2, $3, $4)",supabase_admin,715608,3.5683255960289,3.159568,2135.541452,2553522.34312308,0,100.0000000000000000,93.24813580395767,null
SELECT name FROM pg_timezone_names,authenticator,155,470.04275503871,52.840525,3980.539448,72856.627031,185070,0,2.6605385576128953,null
"with f as (
      
-- CTE with sane arg_modes, arg_names, and arg_types.
-- All three are always of the same length.
-- All three include all args, including OUT and TABLE args.
with functions as (
  select
    *,
    -- proargmodes is null when all arg modes are IN
    coalesce(
      p.proargmodes,
      array_fill($1::text, array[cardinality(coalesce(p.proallargtypes, p.proargtypes))])
    ) as arg_modes,
    -- proargnames is null when all args are unnamed
    coalesce(
      p.proargnames,
      array_fill($2::text, array[cardinality(coalesce(p.proallargtypes, p.proargtypes))])
    ) as arg_names,
    -- proallargtypes is null when all arg modes are IN
    coalesce(p.proallargtypes, p.proargtypes) as arg_types,
    array_cat(
      array_fill($3, array[pronargs - pronargdefaults]),
      array_fill($4, array[pronargdefaults])) as arg_has_defaults
  from
    pg_proc as p
  where
    p.prokind = $5
)
select
  f.oid as id,
  n.nspname as schema,
  f.proname as name,
  l.lanname as language,
  case
    when l.lanname = $6 then $7
    else f.prosrc
  end as definition,
  case
    when l.lanname = $8 then f.prosrc
    else pg_get_functiondef(f.oid)
  end as complete_statement,
  coalesce(f_args.args, $9) as args,
  pg_get_function_arguments(f.oid) as argument_types,
  pg_get_function_identity_arguments(f.oid) as identity_argument_types,
  f.prorettype as return_type_id,
  pg_get_function_result(f.oid) as return_type,
  nullif(rt.typrelid, $10) as return_type_relation_id,
  f.proretset as is_set_returning_function,
  case
    when f.provolatile = $11 then $12
    when f.provolatile = $13 then $14
    when f.provolatile = $15 then $16
  end as behavior,
  f.prosecdef as security_definer,
  f_config.config_params as config_params
from
  functions f
  left join pg_namespace n on f.pronamespace = n.oid
  left join pg_language l on f.prolang = l.oid
  left join pg_type rt on rt.oid = f.prorettype
  left join (
    select
      oid,
      jsonb_object_agg(param, value) filter (where param is not null) as config_params
    from
      (
        select
          oid,
          (string_to_array(unnest(proconfig), $17))[$18] as param,
          (string_to_array(unnest(proconfig), $19))[$20] as value
        from
          functions
      ) as t
    group by
      oid
  ) f_config on f_config.oid = f.oid
  left join (
    select
      oid,
      jsonb_agg(jsonb_build_object(
        $21, t2.mode,
        $22, name,
        $23, type_id,
        -- Cast null into false boolean
        $24, COALESCE(has_default, $25)
      )) as args
    from
      (
        select
          oid,
          unnest(arg_modes) as mode,
          unnest(arg_names) as name,
          -- Coming from: coalesce(p.proallargtypes, p.proargtypes) postgres won't automatically assume
          -- integer, we need to cast it to be properly parsed
          unnest(arg_types)::int8 as type_id,
          unnest(arg_has_defaults) as has_default
        from
          functions
      ) as t1,
      lateral (
        select
          case
            when t1.mode = $26 then $27
            when t1.mode = $28 then $29
            when t1.mode = $30 then $31
            when t1.mode = $32 then $33
            else $34
          end as mode
      ) as t2
    group by
      t1.oid
  ) f_args on f_args.oid = f.oid

    )
    select
      f.*
    from f
   where schema NOT IN ($35,$36,$37)

-- source: dashboard
-- user: bf0b5832-9561-4962-a85b-d85e9124a6bd
-- date: 2025-12-21T09:51:20.737Z",postgres,153,128.01206596732,84.141186,452.222358,19585.846093,19157,100.0000000000000000,0.7152252421969301,null
"SELECT t.oid, t.typname, t.typsend, t.typreceive, t.typoutput, t.typinput,
       coalesce(d.typelem, t.typelem), coalesce(r.rngsubtype, $1), ARRAY (
  SELECT a.atttypid
  FROM pg_attribute AS a
  WHERE a.attrelid = t.typrelid AND a.attnum > $2 AND NOT a.attisdropped
  ORDER BY a.attnum
)

FROM pg_type AS t
LEFT JOIN pg_type AS d ON t.typbasetype = d.oid
LEFT JOIN pg_range AS r ON r.rngtypid = t.oid OR r.rngmultitypid = t.oid OR (t.typbasetype <> $3 AND r.rngtypid = t.typbasetype)
WHERE (t.typrelid = $4)
AND (t.typelem = $5 OR NOT EXISTS (SELECT $6 FROM pg_catalog.pg_type s WHERE s.typrelid != $7 AND s.oid = t.typelem))",supabase_admin,223,64.8125191883408,4.326304,121.751671,14453.191779,49811,100.0000000000000000,0.5277937721745148,null
"WITH pgrst_source AS (INSERT INTO ""public"".""messages""(""content"", ""delivered_at"", ""match_id"", ""read_at"", ""sender_id"") SELECT ""pgrst_body"".""content"", ""pgrst_body"".""delivered_at"", ""pgrst_body"".""match_id"", ""pgrst_body"".""read_at"", ""pgrst_body"".""sender_id"" FROM (SELECT $1 AS json_data) pgrst_payload, LATERAL (SELECT ""content"", ""delivered_at"", ""match_id"", ""read_at"", ""sender_id"" FROM json_to_record(pgrst_payload.json_data) AS _(""content"" text, ""delivered_at"" timestamp with time zone, ""match_id"" uuid, ""read_at"" timestamp with time zone, ""sender_id"" uuid) ) pgrst_body  RETURNING ""public"".""messages"".*) SELECT $2 AS total_result_set, pg_catalog.count(_postgrest_t) AS page_total, array[]::text[] AS header, coalesce(json_agg(_postgrest_t)->$3, $4) AS body, nullif(current_setting($5, $6), $7) AS response_headers, nullif(current_setting($8, $9), $10) AS response_status, $11 AS response_inserted FROM (SELECT ""messages"".* FROM ""pgrst_source"" AS ""messages""   ) _postgrest_t",authenticated,150,68.3103532866667,0.748203,2265.441236,10246.552993,150,99.9920453942832900,0.3741780319983904,null
"SELECT
  e.name,
  n.nspname AS schema,
  e.default_version,
  x.extversion AS installed_version,
  e.comment
FROM
  pg_available_extensions() e(name, default_version, comment)
  LEFT JOIN pg_extension x ON e.name = x.extname
  LEFT JOIN pg_namespace n ON x.extnamespace = n.oid
WHERE
  $1",postgres,184,39.9055449945652,2.190463,324.915359,7342.620279,14352,100.0000000000000000,0.2681338014437274,null
"WITH
-- Recursively get the base types of domains
base_types AS (
  WITH RECURSIVE
  recurse AS (
    SELECT
      oid,
      typbasetype,
      typnamespace AS base_namespace,
      COALESCE(NULLIF(typbasetype, $3), oid) AS base_type
    FROM pg_type
    UNION
    SELECT
      t.oid,
      b.typbasetype,
      b.typnamespace AS base_namespace,
      COALESCE(NULLIF(b.typbasetype, $4), b.oid) AS base_type
    FROM recurse t
    JOIN pg_type b ON t.typbasetype = b.oid
  )
  SELECT
    oid,
    base_namespace,
    base_type
  FROM recurse
  WHERE typbasetype = $5
),
arguments AS (
  SELECT
    oid,
    array_agg((
      COALESCE(name, $6), -- name
      type::regtype::text, -- type
      CASE type
        WHEN $7::regtype THEN $8
        WHEN $9::regtype THEN $10
        WHEN $11::regtype THEN $12
        WHEN $13::regtype THEN $14
        ELSE type::regtype::text
      END, -- convert types that ignore the length and accept any value till maximum size
      idx <= (pronargs - pronargdefaults), -- is_required
      COALESCE(mode = $15, $16) -- is_variadic
    ) ORDER BY idx) AS args,
    CASE COUNT(*) - COUNT(name) -- number of unnamed arguments
      WHEN $17 THEN $18
      WHEN $19 THEN (array_agg(type))[$20] IN ($21::regtype, $22::regtype, $23::regtype, $24::regtype, $25::regtype)
      ELSE $26
    END AS callable
  FROM pg_proc,
       unnest(proargnames, proargtypes, proargmodes)
         WITH ORDINALITY AS _ (name, type, mode, idx)
  WHERE type IS NOT NULL -- only input arguments
  GROUP BY oid
)
SELECT
  pn.nspname AS proc_schema,
  p.proname AS proc_name,
  d.description AS proc_description,
  COALESCE(a.args, $27) AS args,
  tn.nspname AS schema,
  COALESCE(comp.relname, t.typname) AS name,
  p.proretset AS rettype_is_setof,
  (t.typtype = $28
   -- if any TABLE, INOUT or OUT arguments present, treat as composite
   or COALESCE(proargmodes::text[] && $29, $30)
  ) AS rettype_is_composite,
  bt.oid <> bt.base_type as rettype_is_composite_alias,
  p.provolatile,
  p.provariadic > $31 as hasvariadic,
  lower((regexp_split_to_array((regexp_split_to_array(iso_config, $32))[$33], $34))[$35]) AS transaction_isolation_level,
  coalesce(func_settings.kvs, $36) as kvs
FROM pg_proc p
LEFT JOIN arguments a ON a.oid = p.oid
JOIN pg_namespace pn ON pn.oid = p.pronamespace
JOIN base_types bt ON bt.oid = p.prorettype
JOIN pg_type t ON t.oid = bt.base_type
JOIN pg_namespace tn ON tn.oid = t.typnamespace
LEFT JOIN pg_class comp ON comp.oid = t.typrelid
LEFT JOIN pg_description as d ON d.objoid = p.oid AND d.classoid = $37::regclass
LEFT JOIN LATERAL unnest(proconfig) iso_config ON iso_config LIKE $38
LEFT JOIN LATERAL (
  SELECT
    array_agg(row(
      substr(setting, $39, strpos(setting, $40) - $41),
      substr(setting, strpos(setting, $42) + $43)
    )) as kvs
  FROM unnest(proconfig) setting
  WHERE setting ~ ANY($2)
) func_settings ON $44
WHERE t.oid <> $45::regtype AND COALESCE(a.callable, $46)
AND prokind = $47
AND p.pronamespace = ANY($1::regnamespace[])",authenticator,155,44.2680119870968,18.461427,148.647595,6861.541858,1101,99.8887649665704793,0.2505660421270433,null
"WITH pgrst_source AS ( SELECT ""public"".""matches"".""id"", ""public"".""matches"".""user1_id"", ""public"".""matches"".""user2_id"", ""public"".""matches"".""created_at"", row_to_json(""matches_user1_1"".*)::jsonb AS ""user1"", row_to_json(""matches_user2_1"".*)::jsonb AS ""user2"" FROM ""public"".""matches"" LEFT JOIN LATERAL ( SELECT ""profiles_1"".* FROM ""public"".""profiles"" AS ""profiles_1"" WHERE ""profiles_1"".""id"" = ""public"".""matches"".""user1_id""   LIMIT $1 OFFSET $2 ) AS ""matches_user1_1"" ON $9  LEFT JOIN LATERAL ( SELECT ""profiles_1"".* FROM ""public"".""profiles"" AS ""profiles_1"" WHERE ""profiles_1"".""id"" = ""public"".""matches"".""user2_id""   LIMIT $3 OFFSET $4 ) AS ""matches_user2_1"" ON $10 WHERE  ( ""public"".""matches"".""user1_id"" = $5 OR  ""public"".""matches"".""user2_id"" = $6)  ORDER BY ""public"".""matches"".""created_at"" DESC  LIMIT $7 OFFSET $8 )  SELECT $11::bigint AS total_result_set, pg_catalog.count(_postgrest_t) AS page_total, coalesce(json_agg(_postgrest_t), $12) AS body, nullif(current_setting($13, $14), $15) AS response_headers, nullif(current_setting($16, $17), $18) AS response_status, $19 AS response_inserted FROM ( SELECT * FROM pgrst_source ) _postgrest_t",authenticated,6187,0.952104667367059,0.021202,45.245492,5890.67157699999,6187,100.0000000000000000,0.21511233088205348,null
"WITH pgrst_source AS (INSERT INTO ""public"".""likes""(""liked_id"", ""liker_id"") SELECT ""pgrst_body"".""liked_id"", ""pgrst_body"".""liker_id"" FROM (SELECT $1 AS json_data) pgrst_payload, LATERAL (SELECT ""liked_id"", ""liker_id"" FROM json_to_record(pgrst_payload.json_data) AS _(""liked_id"" uuid, ""liker_id"" uuid) ) pgrst_body  RETURNING $2) SELECT $3 AS total_result_set, pg_catalog.count(_postgrest_t) AS page_total, array[]::text[] AS header, $4::text AS body, nullif(current_setting($5, $6), $7) AS response_headers, nullif(current_setting($8, $9), $10) AS response_status, $11 AS response_inserted FROM (SELECT * FROM pgrst_source) _postgrest_t",authenticated,303,18.9460136369637,0.354163,275.411243,5740.642132,303,100.0000000000000000,0.20963363746093344,null
"select set_config('search_path', $1, true), set_config($2, $3, true), set_config('role', $4, true), set_config('request.jwt.claims', $5, true), set_config('request.method', $6, true), set_config('request.path', $7, true), set_config('request.headers', $8, true), set_config('request.cookies', $9, true)",authenticated,78966,0.0708666719980758,0.015944,13.727434,5596.05762100009,78966,100.0000000000000000,0.20435377916904202,null
"WITH pgrst_source AS ( SELECT ""public"".""likes"".""id"", row_to_json(""likes_liker_1"".*)::jsonb AS ""liker"" FROM ""public"".""likes"" LEFT JOIN LATERAL ( SELECT ""profiles_1"".""id"", ""profiles_1"".""name"", ""profiles_1"".""age"", ""profiles_1"".""city"", ""profiles_1"".""country"", ""profiles_1"".""profile_photos"" FROM ""public"".""profiles"" AS ""profiles_1"" WHERE ""profiles_1"".""id"" = ""public"".""likes"".""liker_id""   LIMIT $1 OFFSET $2 ) AS ""likes_liker_1"" ON $6 WHERE  ""public"".""likes"".""liked_id"" = $3  ORDER BY ""public"".""likes"".""created_at"" DESC  LIMIT $4 OFFSET $5 )  SELECT $7::bigint AS total_result_set, pg_catalog.count(_postgrest_t) AS page_total, coalesce(json_agg(_postgrest_t), $8) AS body, nullif(current_setting($9, $10), $11) AS response_headers, nullif(current_setting($12, $13), $14) AS response_status, $15 AS response_inserted FROM ( SELECT * FROM pgrst_source ) _postgrest_t",authenticated,5798,0.916086973784063,0.016551,33.178773,5311.47227400001,5798,100.0000000000000000,0.1939614467281894,null
"WITH
-- Recursively get the base types of domains
base_types AS (
  WITH RECURSIVE
  recurse AS (
    SELECT
      oid,
      typbasetype,
      typnamespace AS base_namespace,
      COALESCE(NULLIF(typbasetype, $2), oid) AS base_type
    FROM pg_type
    UNION
    SELECT
      t.oid,
      b.typbasetype,
      b.typnamespace AS base_namespace,
      COALESCE(NULLIF(b.typbasetype, $3), b.oid) AS base_type
    FROM recurse t
    JOIN pg_type b ON t.typbasetype = b.oid
  )
  SELECT
    oid,
    base_namespace,
    base_type
  FROM recurse
  WHERE typbasetype = $4
),
columns AS (
    SELECT
        c.oid AS relid,
        a.attname::name AS column_name,
        d.description AS description,
        -- typbasetype and typdefaultbin handles `CREATE DOMAIN .. DEFAULT val`,  attidentity/attgenerated handles generated columns, pg_get_expr gets the default of a column
        CASE
          WHEN (t.typbasetype != $5) AND (ad.adbin IS NULL) THEN pg_get_expr(t.typdefaultbin, $6)
          WHEN a.attidentity  = $7 THEN format($8, seq.objid::regclass)
          WHEN a.attgenerated = $9 THEN $10
          ELSE pg_get_expr(ad.adbin, ad.adrelid)::text
        END AS column_default,
        not (a.attnotnull OR t.typtype = $11 AND t.typnotnull) AS is_nullable,
        CASE
            WHEN t.typtype = $12 THEN
            CASE
                WHEN bt.base_namespace = $13::regnamespace THEN format_type(bt.base_type, $14::integer)
                ELSE format_type(a.atttypid, a.atttypmod)
            END
            ELSE
            CASE
                WHEN t.typnamespace = $15::regnamespace THEN format_type(a.atttypid, $16::integer)
                ELSE format_type(a.atttypid, a.atttypmod)
            END
        END::text AS data_type,
        format_type(a.atttypid, a.atttypmod)::text AS nominal_data_type,
        information_schema._pg_char_max_length(
            information_schema._pg_truetypid(a.*, t.*),
            information_schema._pg_truetypmod(a.*, t.*)
        )::integer AS character_maximum_length,
        bt.base_type,
        a.attnum::integer AS position
    FROM pg_attribute a
        LEFT JOIN pg_description AS d
            ON d.objoid = a.attrelid and d.objsubid = a.attnum and d.classoid = $17::regclass
        LEFT JOIN pg_attrdef ad
            ON a.attrelid = ad.adrelid AND a.attnum = ad.adnum
        JOIN pg_class c
            ON a.attrelid = c.oid
        JOIN pg_type t
            ON a.atttypid = t.oid
        LEFT JOIN base_types bt
            ON t.oid = bt.oid
        LEFT JOIN pg_depend seq
            ON seq.refobjid = a.attrelid and seq.refobjsubid = a.attnum and seq.deptype = $18
    WHERE
        NOT pg_is_other_temp_schema(c.relnamespace)
        AND a.attnum > $19
        AND NOT a.attisdropped
        AND c.relkind in ($20, $21, $22, $23, $24)
        AND c.relnamespace = ANY($1::regnamespace[])
),
columns_agg AS (
  SELECT
    relid,
    array_agg(row(
      column_name,
      description,
      is_nullable::boolean,
      data_type,
      nominal_data_type,
      character_maximum_length,
      column_default,
      coalesce(
        (SELECT array_agg(enumlabel ORDER BY enumsortorder) FROM pg_enum WHERE enumtypid = base_type),
        $25
      )
    ) order by position) as columns
  FROM columns
  GROUP BY relid
),
tbl_pk_cols AS (
  SELECT
    r.oid AS relid,
    array_agg(a.attname ORDER BY a.attname) AS pk_cols
  FROM pg_class r
  JOIN pg_constraint c
    ON r.oid = c.conrelid
  JOIN pg_attribute a
    ON a.attrelid = r.oid AND a.attnum = ANY (c.conkey)
  WHERE
    c.contype in ($26)
    AND r.relkind IN ($27, $28)
    AND r.relnamespace NOT IN ($29::regnamespace, $30::regnamespace)
    AND NOT pg_is_other_temp_schema(r.relnamespace)
    AND NOT a.attisdropped
  GROUP BY r.oid
)
SELECT
  n.nspname AS table_schema,
  c.relname AS table_name,
  d.description AS table_description,
  c.relkind IN ($31,$32) as is_view,
  (
    c.relkind IN ($33,$34)
    OR (
      c.relkind in ($35,$36)
      -- The function `pg_relation_is_updateable` returns a bitmask where 8
      -- corresponds to `1 << CMD_INSERT` in the PostgreSQL source code, i.e.
      -- it's possible to insert into the relation.
      AND (pg_relation_is_updatable(c.oid::regclass, $37) & $38) = $39
    )
  ) AS insertable,
  (
    c.relkind IN ($40,$41)
    OR (
      c.relkind in ($42,$43)
      -- CMD_UPDATE
      AND (pg_relation_is_updatable(c.oid::regclass, $44) & $45) = $46
    )
  ) AS updatable,
  (
    c.relkind IN ($47,$48)
    OR (
      c.relkind in ($49,$50)
      -- CMD_DELETE
      AND (pg_relation_is_updatable(c.oid::regclass, $51) & $52) = $53
    )
  ) AS deletable,
  coalesce(tpks.pk_cols, $54) as pk_cols,
  coalesce(cols_agg.columns, $55) as columns
FROM pg_class c
JOIN pg_namespace n ON n.oid = c.relnamespace
LEFT JOIN pg_description d on d.objoid = c.oid and d.objsubid = $56 and d.classoid = $57::regclass
LEFT JOIN tbl_pk_cols tpks ON c.oid = tpks.relid
LEFT JOIN columns_agg cols_agg ON c.oid = cols_agg.relid
WHERE c.relkind IN ($58,$59,$60,$61,$62)
AND c.relnamespace NOT IN ($63::regnamespace, $64::regnamespace)
AND not c.relispartition
ORDER BY table_schema, table_name",authenticator,155,27.1132427741936,1.209396,113.243749,4202.55263,6434,99.8693904889484260,0.15346652416059584,null
"select
        case when not exists (
          select $2
          from pg_replication_slots
          where slot_name = $1
        )
        then (
          select $3 from pg_create_logical_replication_slot($1, $4, $5)
        )
        else $6
        end",supabase_admin,141,29.5798636453901,16.397885,320.100375,4170.760774,141,0,0.1523055665078337,null
"INSERT INTO ""refresh_tokens"" (""created_at"", ""instance_id"", ""parent"", ""revoked"", ""session_id"", ""token"", ""updated_at"", ""user_id"") VALUES ($1, $2, $3, $4, $5, $6, $7, $8) returning id",supabase_auth_admin,576,6.89774249305556,0.117556,34.130405,3973.099676,576,99.9748055301861241,0.1450874863688047,null
"WITH pgrst_source AS ( SELECT ""public"".""messages"".""id"", ""public"".""messages"".""content"", ""public"".""messages"".""created_at"", ""public"".""messages"".""sender_id"", ""public"".""messages"".""delivered_at"", ""public"".""messages"".""read_at"" FROM ""public"".""messages"" WHERE  ""public"".""messages"".""match_id"" = $1  ORDER BY ""public"".""messages"".""created_at"" DESC  LIMIT $2 OFFSET $3 )  SELECT $4::bigint AS total_result_set, pg_catalog.count(_postgrest_t) AS page_total, coalesce(json_agg(_postgrest_t), $5) AS body, nullif(current_setting($6, $7), $8) AS response_headers, nullif(current_setting($9, $10), $11) AS response_status, $12 AS response_inserted FROM ( SELECT * FROM pgrst_source ) _postgrest_t",authenticated,12428,0.291378573141293,0.011035,27.461562,3621.252907,12428,100.0000000000000000,0.13223893801509473,null
"INSERT INTO ""users"" (""aud"", ""banned_until"", ""confirmation_sent_at"", ""confirmation_token"", ""created_at"", ""deleted_at"", ""email"", ""email_change"", ""email_change_confirm_status"", ""email_change_sent_at"", ""email_change_token_current"", ""email_change_token_new"", ""email_confirmed_at"", ""encrypted_password"", ""id"", ""instance_id"", ""invited_at"", ""is_anonymous"", ""is_sso_user"", ""last_sign_in_at"", ""phone"", ""phone_change"", ""phone_change_sent_at"", ""phone_change_token"", ""phone_confirmed_at"", ""raw_app_meta_data"", ""raw_user_meta_data"", ""reauthentication_sent_at"", ""reauthentication_token"", ""recovery_sent_at"", ""recovery_token"", ""role"", ""updated_at"") VALUES ($1, $2, $3, $4, $5, $6, $7, $8, $9, $10, $11, $12, $13, $14, $15, $16, $17, $18, $19, $20, $21, $22, $23, $24, $25, $26, $27, $28, $29, $30, $31, $32, $33)",supabase_auth_admin,116,30.6913468793103,0.543851,66.719717,3560.196238,116,99.9955579246624023,0.13000930388716853,null
"CREATE OR REPLACE FUNCTION pg_temp.count_estimate(
    query text
) RETURNS integer LANGUAGE plpgsql AS $$
DECLARE
    plan jsonb;
BEGIN
    EXECUTE 'EXPLAIN (FORMAT JSON)' || query INTO plan;
    RETURN plan->0->'Plan'->'Plan Rows';
END;
$$",postgres,239,14.3698852552301,2.310489,105.828417,3434.402576,0,99.9704418170504045,0.12541563956735421,null
"UPDATE ""refresh_tokens"" AS refresh_tokens SET ""revoked"" = $1, ""updated_at"" = $2 WHERE refresh_tokens.id = $3",supabase_auth_admin,328,8.44611936585366,0.061384,30.017942,2770.327152,328,100.0000000000000000,0.10116529553257793,null
"with tables as (
SELECT
  c.oid :: int8 AS id,
  nc.nspname AS schema,
  c.relname AS name,
  c.relrowsecurity AS rls_enabled,
  c.relforcerowsecurity AS rls_forced,
  CASE
    WHEN c.relreplident = $1 THEN $2
    WHEN c.relreplident = $3 THEN $4
    WHEN c.relreplident = $5 THEN $6
    ELSE $7
  END AS replica_identity,
  pg_total_relation_size(format($8, nc.nspname, c.relname)) :: int8 AS bytes,
  pg_size_pretty(
    pg_total_relation_size(format($9, nc.nspname, c.relname))
  ) AS size,
  pg_stat_get_live_tuples(c.oid) AS live_rows_estimate,
  pg_stat_get_dead_tuples(c.oid) AS dead_rows_estimate,
  obj_description(c.oid) AS comment,
  coalesce(pk.primary_keys, $10) as primary_keys,
  coalesce(
    jsonb_agg(relationships) filter (where relationships is not null),
    $11
  ) as relationships
FROM
  pg_namespace nc
  JOIN pg_class c ON nc.oid = c.relnamespace
  left join (
    select
      c.oid::int8 as table_id,
      jsonb_agg(
        jsonb_build_object(
          $12, c.oid::int8,
          $13, n.nspname,
          $14, c.relname,
          $15, a.attname
        )
        order by array_position(i.indkey, a.attnum)
      ) as primary_keys
    from
      pg_index i
      join pg_class c on i.indrelid = c.oid
      join pg_namespace n on c.relnamespace = n.oid
      join pg_attribute a on a.attrelid = c.oid and a.attnum = any(i.indkey)
    where
      i.indisprimary
    group by c.oid
  ) as pk
  on pk.table_id = c.oid
  left join (
    select
      c.oid :: int8 as id,
      c.conname as constraint_name,
      nsa.nspname as source_schema,
      csa.relname as source_table_name,
      sa.attname as source_column_name,
      nta.nspname as target_table_schema,
      cta.relname as target_table_name,
      ta.attname as target_column_name
    from
      pg_constraint c
    join (
      pg_attribute sa
      join pg_class csa on sa.attrelid = csa.oid
      join pg_namespace nsa on csa.relnamespace = nsa.oid
    ) on sa.attrelid = c.conrelid and sa.attnum = any (c.conkey)
    join (
      pg_attribute ta
      join pg_class cta on ta.attrelid = cta.oid
      join pg_namespace nta on cta.relnamespace = nta.oid
    ) on ta.attrelid = c.confrelid and ta.attnum = any (c.confkey)
    where
      c.contype = $16
  ) as relationships
  on (relationships.source_schema = nc.nspname and relationships.source_table_name = c.relname)
  or (relationships.target_table_schema = nc.nspname and relationships.target_table_name = c.relname)
WHERE
  c.relkind IN ($17, $18)
  AND NOT pg_is_other_temp_schema(nc.oid)
  AND (
    pg_has_role(c.relowner, $19)
    OR has_table_privilege(
      c.oid,
      $20
    )
    OR has_any_column_privilege(c.oid, $21)
  )
group by
  c.oid,
  c.relname,
  c.relrowsecurity,
  c.relforcerowsecurity,
  c.relreplident,
  nc.nspname,
  pk.primary_keys
)
  , columns as (
-- Adapted from information_schema.columns

SELECT
  c.oid :: int8 AS table_id,
  nc.nspname AS schema,
  c.relname AS table,
  (c.oid || $22 || a.attnum) AS id,
  a.attnum AS ordinal_position,
  a.attname AS name,
  CASE
    WHEN a.atthasdef THEN pg_get_expr(ad.adbin, ad.adrelid)
    ELSE $23
  END AS default_value,
  CASE
    WHEN t.typtype = $24 THEN CASE
      WHEN bt.typelem <> $25 :: oid
      AND bt.typlen = $26 THEN $27
      WHEN nbt.nspname = $28 THEN format_type(t.typbasetype, $29)
      ELSE $30
    END
    ELSE CASE
      WHEN t.typelem <> $31 :: oid
      AND t.typlen = $32 THEN $33
      WHEN nt.nspname = $34 THEN format_type(a.atttypid, $35)
      ELSE $36
    END
  END AS data_type,
  COALESCE(bt.typname, t.typname) AS format,
  a.attidentity IN ($37, $38) AS is_identity,
  CASE
    a.attidentity
    WHEN $39 THEN $40
    WHEN $41 THEN $42
    ELSE $43
  END AS identity_generation,
  a.attgenerated IN ($44) AS is_generated,
  NOT (
    a.attnotnull
    OR t.typtype = $45 AND t.typnotnull
  ) AS is_nullable,
  (
    c.relkind IN ($46, $47)
    OR c.relkind IN ($48, $49) AND pg_column_is_updatable(c.oid, a.attnum, $50)
  ) AS is_updatable,
  uniques.table_id IS NOT NULL AS is_unique,
  check_constraints.definition AS ""check"",
  array_to_json(
    array(
      SELECT
        enumlabel
      FROM
        pg_catalog.pg_enum enums
      WHERE
        enums.enumtypid = coalesce(bt.oid, t.oid)
        OR enums.enumtypid = coalesce(bt.typelem, t.typelem)
      ORDER BY
        enums.enumsortorder
    )
  ) AS enums,
  col_description(c.oid, a.attnum) AS comment
FROM
  pg_attribute a
  LEFT JOIN pg_attrdef ad ON a.attrelid = ad.adrelid
  AND a.attnum = ad.adnum
  JOIN (
    pg_class c
    JOIN pg_namespace nc ON c.relnamespace = nc.oid
  ) ON a.attrelid = c.oid
  JOIN (
    pg_type t
    JOIN pg_namespace nt ON t.typnamespace = nt.oid
  ) ON a.atttypid = t.oid
  LEFT JOIN (
    pg_type bt
    JOIN pg_namespace nbt ON bt.typnamespace = nbt.oid
  ) ON t.typtype = $51
  AND t.typbasetype = bt.oid
  LEFT JOIN (
    SELECT DISTINCT ON (table_id, ordinal_position)
      conrelid AS table_id,
      conkey[$52] AS ordinal_position
    FROM pg_catalog.pg_constraint
    WHERE contype = $53 AND cardinality(conkey) = $54
  ) AS uniques ON uniques.table_id = c.oid AND uniques.ordinal_position = a.attnum
  LEFT JOIN (
    -- We only select the first column check
    SELECT DISTINCT ON (table_id, ordinal_position)
      conrelid AS table_id,
      conkey[$55] AS ordinal_position,
      substring(
        pg_get_constraintdef(pg_constraint.oid, $56),
        $57,
        length(pg_get_constraintdef(pg_constraint.oid, $58)) - $59
      ) AS ""definition""
    FROM pg_constraint
    WHERE contype = $60 AND cardinality(conkey) = $61
    ORDER BY table_id, ordinal_position, oid asc
  ) AS check_constraints ON check_constraints.table_id = c.oid AND check_constraints.ordinal_position = a.attnum
WHERE
  NOT pg_is_other_temp_schema(nc.oid)
  AND a.attnum > $62
  AND NOT a.attisdropped
  AND (c.relkind IN ($63, $64, $65, $66, $67))
  AND (
    pg_has_role(c.relowner, $68)
    OR has_column_privilege(
      c.oid,
      a.attnum,
      $69
    )
  )
)
  select
    *
    , 
COALESCE(
  (
    SELECT
      array_agg(row_to_json(columns)) FILTER (WHERE columns.table_id = tables.id)
    FROM
      columns
  ),
  $70
) AS columns
  from tables where name = $71 and schema = $72",postgres,46,59.5159816956522,40.047316,156.140009,2737.735158,46,100.0000000000000000,0.09997511887686213,null
"SELECT
    tbl.schemaname,
    tbl.tablename,
    tbl.quoted_name,
    tbl.is_table,
    json_agg(a) as columns
  FROM
    (
      SELECT
        n.nspname as schemaname,
        c.relname as tablename,
        (quote_ident(n.nspname) || $1 || quote_ident(c.relname)) as quoted_name,
        $2 as is_table
      FROM
        pg_catalog.pg_class c
        JOIN pg_catalog.pg_namespace n ON n.oid = c.relnamespace
      WHERE
        c.relkind = $3
        AND n.nspname not in ($4, $5, $6)
        AND n.nspname not like $7
        AND n.nspname not like $8
        AND has_schema_privilege(n.oid, $9) = $10
        AND has_table_privilege(quote_ident(n.nspname) || $11 || quote_ident(c.relname), $12) = $13
      union all
      SELECT
        n.nspname as schemaname,
        c.relname as tablename,
        (quote_ident(n.nspname) || $14 || quote_ident(c.relname)) as quoted_name,
        $15 as is_table
      FROM
        pg_catalog.pg_class c
        JOIN pg_catalog.pg_namespace n ON n.oid = c.relnamespace
      WHERE
        c.relkind in ($16, $17)
        AND n.nspname not in ($18, $19, $20)
        AND n.nspname not like $21
        AND n.nspname not like $22
        AND has_schema_privilege(n.oid, $23) = $24
        AND has_table_privilege(quote_ident(n.nspname) || $25 || quote_ident(c.relname), $26) = $27
    ) as tbl
    LEFT JOIN (
      SELECT
        attrelid,
        attname,
        format_type(atttypid, atttypmod) as data_type,
        attnum,
        attisdropped
      FROM
        pg_attribute
    ) as a ON (
      a.attrelid = tbl.quoted_name::regclass
      AND a.attnum > $28
      AND NOT a.attisdropped
      AND has_column_privilege(tbl.quoted_name, a.attname, $29)
    )
  
  GROUP BY schemaname, tablename, quoted_name, is_table",postgres,149,17.0376705503356,5.461927,75.698144,2538.612912,7002,99.9989451298756097,0.092703681332326,null